<metadata xml:lang="en"><Esri><CreaDate>20160506</CreaDate><CreaTime>09242000</CreaTime><ArcGISFormat>1.0</ArcGISFormat><SyncOnce>TRUE</SyncOnce><ModDate>20160512</ModDate><ModTime>10103300</ModTime><scaleRange><minScale>150000000</minScale><maxScale>5000</maxScale></scaleRange><ArcGISProfile>ItemDescription</ArcGISProfile></Esri><tool name="CreateTool" displayname="Create Tool" toolboxalias="ese" xmlns=""><arcToolboxHelpPath>c:\program files (x86)\arcgis\desktop10.2\Help\gp</arcToolboxHelpPath><parameters><param name="taskEndpoint" displayname="Task Endpoint" type="Required" direction="Input" datatype="String" expression="taskEndpoint"><dialogReference>&lt;DIV STYLE="text-align:Left;"&gt;&lt;DIV&gt;&lt;DIV&gt;&lt;P&gt;&lt;SPAN&gt;The task endpoint from which to generate a tool. Use the form: http://&amp;lt;hostname&amp;gt;:&amp;lt;port&amp;gt;/ese/services/&amp;lt;servicename&amp;gt;/&amp;lt;taskname&amp;gt;.  For example, to generate an ISODATAClassification tool that runs on a GSF server, you may use: http://&amp;lt;hostname&amp;gt;:&amp;lt;port&amp;gt;/ese/services/ENVI/ISODATAClassification&lt;/SPAN&gt;&lt;/P&gt;&lt;/DIV&gt;&lt;/DIV&gt;&lt;/DIV&gt;</dialogReference><pythonReference>&lt;DIV STYLE="text-align:Left;"&gt;&lt;DIV&gt;&lt;DIV&gt;&lt;P&gt;&lt;SPAN&gt;The task endpoint from which to generate a tool. For example, to generate an ISODATAClassification tool that runs on a GSF server, you may use: http://localhost:9191/ese/services/ENVI/ISODATAClassification&lt;/SPAN&gt;&lt;/P&gt;&lt;/DIV&gt;&lt;/DIV&gt;&lt;/DIV&gt;</pythonReference></param><param name="outputToolbox" displayname="Output Toolbox" type="Required" direction="Output" datatype="Toolbox" expression="outputToolbox"><dialogReference>&lt;DIV STYLE="text-align:Left;"&gt;&lt;DIV&gt;&lt;DIV&gt;&lt;P&gt;&lt;SPAN&gt;The path to the generated output toolbox file.&lt;/SPAN&gt;&lt;/P&gt;&lt;/DIV&gt;&lt;/DIV&gt;&lt;/DIV&gt;</dialogReference><pythonReference>&lt;DIV STYLE="text-align:Left;"&gt;&lt;DIV&gt;&lt;DIV&gt;&lt;P&gt;&lt;SPAN&gt;The path to the generated output toolbox file.&lt;/SPAN&gt;&lt;/P&gt;&lt;/DIV&gt;&lt;/DIV&gt;&lt;/DIV&gt;</pythonReference></param></parameters><summary>&lt;DIV STYLE="text-align:Left;"&gt;&lt;DIV&gt;&lt;DIV&gt;&lt;P&gt;&lt;SPAN&gt;Creates a python toolbox containing a tool generated from a task endpoint.&lt;/SPAN&gt;&lt;/P&gt;&lt;/DIV&gt;&lt;/DIV&gt;&lt;/DIV&gt;</summary></tool><dataIdInfo><idCitation><resTitle>Create Tool</resTitle></idCitation><idAbs>&lt;DIV STYLE="text-align:Left;"&gt;&lt;DIV&gt;&lt;DIV&gt;&lt;P&gt;&lt;SPAN&gt;Creates a python toolbox containing a tool generated from a task endpoint.&lt;/SPAN&gt;&lt;/P&gt;&lt;/DIV&gt;&lt;/DIV&gt;&lt;/DIV&gt;</idAbs></dataIdInfo><distInfo><distributor><distorFormat><formatName>ArcToolbox Tool</formatName></distorFormat></distributor></distInfo><mdHrLv><ScopeCd value="005"/></mdHrLv></metadata>
