<metadata xml:lang="en"><Esri><CreaDate>20160506</CreaDate><CreaTime>09242000</CreaTime><ArcGISFormat>1.0</ArcGISFormat><SyncOnce>TRUE</SyncOnce><ModDate>20160629</ModDate><ModTime>7580600</ModTime><scaleRange><minScale>150000000</minScale><maxScale>5000</maxScale></scaleRange><ArcGISProfile>ItemDescription</ArcGISProfile></Esri><toolbox name="GSF" alias="gsf"><arcToolboxHelpPath>c:\program files (x86)\arcgis\desktop10.2\Help\gp</arcToolboxHelpPath></toolbox><dataIdInfo><idCitation><resTitle>GSF</resTitle></idCitation><idAbs>&lt;DIV STYLE="text-align:Left;"&gt;&lt;DIV&gt;&lt;DIV&gt;&lt;P&gt;&lt;SPAN&gt;The Geospatial Services Framework toolbox allows you to create tools from GSF task endpoints.&lt;/SPAN&gt;&lt;/P&gt;&lt;/DIV&gt;&lt;/DIV&gt;&lt;/DIV&gt;</idAbs></dataIdInfo><distInfo><distributor><distorFormat><formatName>ArcToolbox Toolbox</formatName></distorFormat></distributor></distInfo><mdHrLv><ScopeCd value="005"/></mdHrLv></metadata>
