{"customisations":"scruffy","type":"class","dsl":"%2F%2F GSF Py, [ArcMap{bg:blue}]<-[Python Toolbox{bg:green}], [ArcGIS Pro{bg:blue}]<-[Python Toolbox{bg:green}], [ArcGIS Server{bg:blue}]<-[Python Toolbox] , [Python Toolbox]<-.-[gsfpyarc|GPToolbox{bg:wheat}], , [Python Toolbox]<>-1...*[GPTool{bg:green}], , [GPTool]<-[gsfpy|Server;Service;Task;Job{bg:wheat}], [gsfpyarc]<-[envipyarclib|GPToolboxBase{bg:wheat}], , [gsfpy]<-[GSF], [GSF]<-[taskengine.exe]","digest":"ad800caa","file_only":false,"mime":"image/png","extension":"png"}